sample,threshold,criterium,analysis,variable,value
S03,0.001,psms,default,A,26
S03,0.05,psms,default,A,28
S03,0.001,peptides,default,A,13
F07,0.01,peptides,default,A,5
F06,0.001,psms,default,A,6
F01,0.05,psms,default,A,28
S07,0.001,peptides,default,A,2
F07,0.001,psms,default,A,21
S11,0.01,psms,default,A,2
S07,0.01,peptides,default,A,1
S08,0.05,psms,default,A,3
S07,0.05,peptides,default,A,1
F01,0.01,peptides,default,A,1
S08,0.05,peptides,default,A,0
F01,0.001,peptides,default,A,0
S07,0.01,psms,default,A,1
S11,0.05,psms,default,A,7
S05,0.001,peptides,default,A,18
S03,0.01,psms,default,A,36
F06,0.05,peptides,default,A,7
S08,0.01,peptides,default,A,0
S05,0.05,peptides,default,A,31
S11,0.001,peptides,default,A,0
S08,0.001,psms,default,A,0
F01,0.01,psms,default,A,15
F07,0.01,psms,default,A,26
F06,0.001,peptides,default,A,2
F07,0.001,peptides,default,A,2
F01,0.05,peptides,default,A,0
S08,0.01,psms,default,A,0
S03,0.05,peptides,default,A,14
F06,0.05,psms,default,A,15
F01,0.001,psms,default,A,7
S11,0.01,peptides,default,A,2
S05,0.001,psms,default,A,88
F07,0.05,psms,default,A,39
S03,0.01,peptides,default,A,19
S05,0.01,peptides,default,A,10
F06,0.01,psms,default,A,12
S08,0.001,peptides,default,A,0
F07,0.05,peptides,default,A,10
S07,0.05,psms,default,A,2
S05,0.05,psms,default,A,64
S11,0.05,peptides,default,A,4
S07,0.001,psms,default,A,2
S11,0.001,psms,default,A,0
F06,0.01,peptides,default,A,6
S05,0.01,psms,default,A,36
S03,0.001,psms,final,A,25
S03,0.05,psms,final,A,26
S03,0.001,peptides,final,A,12
F07,0.01,peptides,final,A,5
F06,0.001,psms,final,A,10
F01,0.05,psms,final,A,41
S07,0.001,peptides,final,A,2
F07,0.001,psms,final,A,14
S11,0.01,psms,final,A,3
S07,0.01,peptides,final,A,0
S08,0.05,psms,final,A,5
S07,0.05,peptides,final,A,1
F01,0.01,peptides,final,A,0
S08,0.05,peptides,final,A,3
F01,0.001,peptides,final,A,0
S07,0.01,psms,final,A,0
S11,0.05,psms,final,A,10
S05,0.001,peptides,final,A,19
S03,0.01,psms,final,A,34
F06,0.05,peptides,final,A,6
S08,0.01,peptides,final,A,1
S05,0.05,peptides,final,A,31
S11,0.001,peptides,final,A,0
S08,0.001,psms,final,A,0
F01,0.01,psms,final,A,19
F07,0.01,psms,final,A,22
F06,0.001,peptides,final,A,1
F07,0.001,peptides,final,A,2
F01,0.05,peptides,final,A,5
S08,0.01,psms,final,A,3
S03,0.05,peptides,final,A,14
F06,0.05,psms,final,A,16
F01,0.001,psms,final,A,10
S11,0.01,peptides,final,A,1
S05,0.001,psms,final,A,91
F07,0.05,psms,final,A,32
S03,0.01,peptides,final,A,18
S05,0.01,peptides,final,A,9
F06,0.01,psms,final,A,13
S08,0.001,peptides,final,A,0
F07,0.05,peptides,final,A,10
S07,0.05,psms,final,A,1
S05,0.05,psms,final,A,62
S11,0.05,peptides,final,A,2
S07,0.001,psms,final,A,2
S11,0.001,psms,final,A,0
F06,0.01,peptides,final,A,3
S05,0.01,psms,final,A,37
S03,0.001,psms,default,B,369
S03,0.05,psms,default,B,808
S03,0.001,peptides,default,B,49
F07,0.01,peptides,default,B,49
F06,0.001,psms,default,B,73
F01,0.05,psms,default,B,894
S07,0.001,peptides,default,B,18
F07,0.001,psms,default,B,114
S11,0.01,psms,default,B,322
S07,0.01,peptides,default,B,41
S08,0.05,psms,default,B,350
S07,0.05,peptides,default,B,127
F01,0.01,peptides,default,B,75
S08,0.05,peptides,default,B,106
F01,0.001,peptides,default,B,26
S07,0.01,psms,default,B,92
S11,0.05,psms,default,B,602
S05,0.001,peptides,default,B,48
S03,0.01,psms,default,B,444
F06,0.05,peptides,default,B,108
S08,0.01,peptides,default,B,42
S05,0.05,peptides,default,B,464
S11,0.001,peptides,default,B,43
S08,0.001,psms,default,B,21
F01,0.01,psms,default,B,455
F07,0.01,psms,default,B,226
F06,0.001,peptides,default,B,27
F07,0.001,peptides,default,B,22
F01,0.05,peptides,default,B,220
S08,0.01,psms,default,B,191
S03,0.05,peptides,default,B,274
F06,0.05,psms,default,B,232
F01,0.001,psms,default,B,138
S11,0.01,peptides,default,B,70
S05,0.001,psms,default,B,473
F07,0.05,psms,default,B,458
S03,0.01,peptides,default,B,58
S05,0.01,peptides,default,B,116
F06,0.01,psms,default,B,120
S08,0.001,peptides,default,B,5
F07,0.05,peptides,default,B,143
S07,0.05,psms,default,B,195
S05,0.05,psms,default,B,1712
S11,0.05,peptides,default,B,202
S07,0.001,psms,default,B,41
S11,0.001,psms,default,B,215
F06,0.01,peptides,default,B,47
S05,0.01,psms,default,B,913
S03,0.001,psms,final,B,340
S03,0.05,psms,final,B,781
S03,0.001,peptides,final,B,47
F07,0.01,peptides,final,B,55
F06,0.001,psms,final,B,73
F01,0.05,psms,final,B,860
S07,0.001,peptides,final,B,15
F07,0.001,psms,final,B,111
S11,0.01,psms,final,B,307
S07,0.01,peptides,final,B,34
S08,0.05,psms,final,B,348
S07,0.05,peptides,final,B,115
F01,0.01,peptides,final,B,67
S08,0.05,peptides,final,B,102
F01,0.001,peptides,final,B,23
S07,0.01,psms,final,B,73
S11,0.05,psms,final,B,574
S05,0.001,peptides,final,B,51
S03,0.01,psms,final,B,450
F06,0.05,peptides,final,B,108
S08,0.01,peptides,final,B,41
S05,0.05,peptides,final,B,464
S11,0.001,peptides,final,B,40
S08,0.001,psms,final,B,18
F01,0.01,psms,final,B,439
F07,0.01,psms,final,B,239
F06,0.001,peptides,final,B,26
F07,0.001,peptides,final,B,29
F01,0.05,peptides,final,B,211
S08,0.01,psms,final,B,195
S03,0.05,peptides,final,B,270
F06,0.05,psms,final,B,236
F01,0.001,psms,final,B,139
S11,0.01,peptides,final,B,69
S05,0.001,psms,final,B,524
F07,0.05,psms,final,B,469
S03,0.01,peptides,final,B,57
S05,0.01,peptides,final,B,114
F06,0.01,psms,final,B,126
S08,0.001,peptides,final,B,3
F07,0.05,peptides,final,B,154
S07,0.05,psms,final,B,171
S05,0.05,psms,final,B,1670
S11,0.05,peptides,final,B,190
S07,0.001,psms,final,B,36
S11,0.001,psms,final,B,219
F06,0.01,peptides,final,B,47
S05,0.01,psms,final,B,917
S03,0.001,psms,default,C,3747
S03,0.05,psms,default,C,2326
S03,0.001,peptides,default,C,976
F07,0.01,peptides,default,C,468
F06,0.001,psms,default,C,662
F01,0.05,psms,default,C,1360
S07,0.001,peptides,default,C,222
F07,0.001,psms,default,C,1143
S11,0.01,psms,default,C,2095
S07,0.01,peptides,default,C,233
S08,0.05,psms,default,C,1114
S07,0.05,peptides,default,C,285
F01,0.01,peptides,default,C,225
S08,0.05,peptides,default,C,491
F01,0.001,peptides,default,C,213
S07,0.01,psms,default,C,372
S11,0.05,psms,default,C,1842
S05,0.001,peptides,default,C,759
S03,0.01,psms,default,C,2226
F06,0.05,peptides,default,C,494
S08,0.01,peptides,default,C,501
S05,0.05,peptides,default,C,1345
S11,0.001,peptides,default,C,441
S08,0.001,psms,default,C,2040
F01,0.01,psms,default,C,844
F07,0.01,psms,default,C,1417
F06,0.001,peptides,default,C,302
F07,0.001,peptides,default,C,329
F01,0.05,peptides,default,C,639
S08,0.01,psms,default,C,1257
S03,0.05,peptides,default,C,849
F06,0.05,psms,default,C,845
F01,0.001,psms,default,C,903
S11,0.01,peptides,default,C,609
S05,0.001,psms,default,C,3661
F07,0.05,psms,default,C,1624
S03,0.01,peptides,default,C,621
S05,0.01,peptides,default,C,826
F06,0.01,psms,default,C,611
S08,0.001,peptides,default,C,716
F07,0.05,peptides,default,C,612
S07,0.05,psms,default,C,446
S05,0.05,psms,default,C,4109
S11,0.05,peptides,default,C,758
S07,0.001,psms,default,C,318
S11,0.001,psms,default,C,1472
F06,0.01,peptides,default,C,309
S05,0.01,psms,default,C,3699
S03,0.001,psms,final,C,3057
S03,0.05,psms,final,C,2112
S03,0.001,peptides,final,C,777
F07,0.01,peptides,final,C,469
F06,0.001,psms,final,C,559
F01,0.05,psms,final,C,1223
S07,0.001,peptides,final,C,201
F07,0.001,psms,final,C,1138
S11,0.01,psms,final,C,1946
S07,0.01,peptides,final,C,193
S08,0.05,psms,final,C,1069
S07,0.05,peptides,final,C,237
F01,0.01,peptides,final,C,219
S08,0.05,peptides,final,C,471
F01,0.001,peptides,final,C,213
S07,0.01,psms,final,C,313
S11,0.05,psms,final,C,1647
S05,0.001,peptides,final,C,848
S03,0.01,psms,final,C,2026
F06,0.05,peptides,final,C,468
S08,0.01,peptides,final,C,486
S05,0.05,peptides,final,C,1238
S11,0.001,peptides,final,C,422
S08,0.001,psms,final,C,1881
F01,0.01,psms,final,C,772
F07,0.01,psms,final,C,1361
F06,0.001,peptides,final,C,253
F07,0.001,peptides,final,C,320
F01,0.05,peptides,final,C,580
S08,0.01,psms,final,C,1221
S03,0.05,peptides,final,C,813
F06,0.05,psms,final,C,789
F01,0.001,psms,final,C,867
S11,0.01,peptides,final,C,569
S05,0.001,psms,final,C,4016
F07,0.05,psms,final,C,1562
S03,0.01,peptides,final,C,579
S05,0.01,peptides,final,C,832
F06,0.01,psms,final,C,593
S08,0.001,peptides,final,C,650
F07,0.05,peptides,final,C,611
S07,0.05,psms,final,C,379
S05,0.05,psms,final,C,3727
S11,0.05,peptides,final,C,713
S07,0.001,psms,final,C,296
S11,0.001,psms,final,C,1424
F06,0.01,peptides,final,C,285
S05,0.01,psms,final,C,3595
S03,0.001,psms,default,D,17343
S03,0.05,psms,default,D,28177
S03,0.001,peptides,default,D,2080
F07,0.01,peptides,default,D,7312
F06,0.001,psms,default,D,11773
F01,0.05,psms,default,D,36735
S07,0.001,peptides,default,D,4080
F07,0.001,psms,default,D,22497
S11,0.01,psms,default,D,38782
S07,0.01,peptides,default,D,4916
S08,0.05,psms,default,D,21284
S07,0.05,peptides,default,D,5657
F01,0.01,peptides,default,D,6993
S08,0.05,peptides,default,D,7600
F01,0.001,peptides,default,D,5442
S07,0.01,psms,default,D,9925
S11,0.05,psms,default,D,43588
S05,0.001,peptides,default,D,3274
S03,0.01,psms,default,D,24848
F06,0.05,peptides,default,D,8141
S08,0.01,peptides,default,D,5936
S05,0.05,peptides,default,D,7160
S11,0.001,peptides,default,D,6559
S08,0.001,psms,default,D,13657
F01,0.01,psms,default,D,34562
F07,0.01,psms,default,D,28936
F06,0.001,peptides,default,D,4578
F07,0.001,peptides,default,D,5366
F01,0.05,peptides,default,D,9315
S08,0.01,psms,default,D,18134
S03,0.05,peptides,default,D,5468
F06,0.05,psms,default,D,18606
F01,0.001,psms,default,D,29068
S11,0.01,peptides,default,D,8389
S05,0.001,psms,default,D,34825
F07,0.05,psms,default,D,34695
S03,0.01,peptides,default,D,3248
S05,0.01,peptides,default,D,4083
F06,0.01,psms,default,D,15928
S08,0.001,peptides,default,D,3881
F07,0.05,peptides,default,D,10191
S07,0.05,psms,default,D,10642
S05,0.05,psms,default,D,45324
S11,0.05,peptides,default,D,11146
S07,0.001,psms,default,D,8268
S11,0.001,psms,default,D,30839
F06,0.01,peptides,default,D,6418
S05,0.01,psms,default,D,40746
S03,0.001,psms,final,D,18355
S03,0.05,psms,final,D,25371
S03,0.001,peptides,final,D,2247
F07,0.01,peptides,final,D,6996
F06,0.001,psms,final,D,11909
F01,0.05,psms,final,D,34055
S07,0.001,peptides,final,D,3638
F07,0.001,psms,final,D,22262
S11,0.01,psms,final,D,36451
S07,0.01,peptides,final,D,4398
S08,0.05,psms,final,D,19160
S07,0.05,peptides,final,D,4599
F01,0.01,peptides,final,D,6676
S08,0.05,peptides,final,D,6788
F01,0.001,peptides,final,D,5183
S07,0.01,psms,final,D,8864
S11,0.05,psms,final,D,38582
S05,0.001,peptides,final,D,3119
S03,0.01,psms,final,D,24193
F06,0.05,peptides,final,D,7317
S08,0.01,peptides,final,D,5585
S05,0.05,peptides,final,D,6505
S11,0.001,peptides,final,D,6508
S08,0.001,psms,final,D,13824
F01,0.01,psms,final,D,33356
F07,0.01,psms,final,D,27747
F06,0.001,peptides,final,D,4670
F07,0.001,peptides,final,D,5334
F01,0.05,peptides,final,D,8524
S08,0.01,psms,final,D,17122
S03,0.05,peptides,final,D,4796
F06,0.05,psms,final,D,16842
F01,0.001,psms,final,D,28049
S11,0.01,peptides,final,D,7877
S05,0.001,psms,final,D,33728
F07,0.05,psms,final,D,31687
S03,0.01,peptides,final,D,3142
S05,0.01,peptides,final,D,3898
F06,0.01,psms,final,D,15284
S08,0.001,peptides,final,D,3975
F07,0.05,peptides,final,D,9216
S07,0.05,psms,final,D,8666
S05,0.05,psms,final,D,41203
S11,0.05,peptides,final,D,9765
S07,0.001,psms,final,D,7413
S11,0.001,psms,final,D,30337
F06,0.01,peptides,final,D,6149
S05,0.01,psms,final,D,39261
S03,0.001,psms,default,AB,282
S03,0.05,psms,default,AB,629
S03,0.001,peptides,default,AB,100
F07,0.01,peptides,default,AB,66
F06,0.001,psms,default,AB,80
F01,0.05,psms,default,AB,726
S07,0.001,peptides,default,AB,35
F07,0.001,psms,default,AB,157
S11,0.01,psms,default,AB,284
S07,0.01,peptides,default,AB,29
S08,0.05,psms,default,AB,359
S07,0.05,peptides,default,AB,71
F01,0.01,peptides,default,AB,100
S08,0.05,peptides,default,AB,138
F01,0.001,peptides,default,AB,52
S07,0.01,psms,default,AB,36
S11,0.05,psms,default,AB,496
S05,0.001,peptides,default,AB,81
S03,0.01,psms,default,AB,365
F06,0.05,peptides,default,AB,135
S08,0.01,peptides,default,AB,77
S05,0.05,peptides,default,AB,407
S11,0.001,peptides,default,AB,64
S08,0.001,psms,default,AB,46
F01,0.01,psms,default,AB,376
F07,0.01,psms,default,AB,230
F06,0.001,peptides,default,AB,36
F07,0.001,peptides,default,AB,45
F01,0.05,peptides,default,AB,235
S08,0.01,psms,default,AB,251
S03,0.05,peptides,default,AB,315
F06,0.05,psms,default,AB,262
F01,0.001,psms,default,AB,192
S11,0.01,peptides,default,AB,92
S05,0.001,psms,default,AB,310
F07,0.05,psms,default,AB,461
S03,0.01,peptides,default,AB,114
S05,0.01,peptides,default,AB,145
F06,0.01,psms,default,AB,121
S08,0.001,peptides,default,AB,17
F07,0.05,peptides,default,AB,163
S07,0.05,psms,default,AB,77
S05,0.05,psms,default,AB,876
S11,0.05,peptides,default,AB,218
S07,0.001,psms,default,AB,42
S11,0.001,psms,default,AB,167
F06,0.01,peptides,default,AB,40
S05,0.01,psms,default,AB,502
S03,0.001,psms,final,AB,287
S03,0.05,psms,final,AB,634
S03,0.001,peptides,final,AB,97
F07,0.01,peptides,final,AB,67
F06,0.001,psms,final,AB,76
F01,0.05,psms,final,AB,721
S07,0.001,peptides,final,AB,33
F07,0.001,psms,final,AB,160
S11,0.01,psms,final,AB,278
S07,0.01,peptides,final,AB,24
S08,0.05,psms,final,AB,358
S07,0.05,peptides,final,AB,69
F01,0.01,peptides,final,AB,102
S08,0.05,peptides,final,AB,136
F01,0.001,peptides,final,AB,56
S07,0.01,psms,final,AB,33
S11,0.05,psms,final,AB,482
S05,0.001,peptides,final,AB,87
S03,0.01,psms,final,AB,370
F06,0.05,peptides,final,AB,126
S08,0.01,peptides,final,AB,77
S05,0.05,peptides,final,AB,401
S11,0.001,peptides,final,AB,66
S08,0.001,psms,final,AB,47
F01,0.01,psms,final,AB,384
F07,0.01,psms,final,AB,236
F06,0.001,peptides,final,AB,33
F07,0.001,peptides,final,AB,45
F01,0.05,peptides,final,AB,229
S08,0.01,psms,final,AB,252
S03,0.05,peptides,final,AB,316
F06,0.05,psms,final,AB,249
F01,0.001,psms,final,AB,195
S11,0.01,peptides,final,AB,92
S05,0.001,psms,final,AB,321
F07,0.05,psms,final,AB,468
S03,0.01,peptides,final,AB,117
S05,0.01,peptides,final,AB,155
F06,0.01,psms,final,AB,120
S08,0.001,peptides,final,AB,17
F07,0.05,peptides,final,AB,162
S07,0.05,psms,final,AB,76
S05,0.05,psms,final,AB,879
S11,0.05,peptides,final,AB,218
S07,0.001,psms,final,AB,42
S11,0.001,psms,final,AB,162
F06,0.01,peptides,final,AB,44
S05,0.01,psms,final,AB,503
S03,0.001,psms,default,AC,17
S03,0.05,psms,default,AC,9
S03,0.001,peptides,default,AC,3
F07,0.01,peptides,default,AC,0
F06,0.001,psms,default,AC,5
F01,0.05,psms,default,AC,11
S07,0.001,peptides,default,AC,2
F07,0.001,psms,default,AC,5
S11,0.01,psms,default,AC,0
S07,0.01,peptides,default,AC,0
S08,0.05,psms,default,AC,0
S07,0.05,peptides,default,AC,0
F01,0.01,peptides,default,AC,3
S08,0.05,peptides,default,AC,0
F01,0.001,peptides,default,AC,1
S07,0.01,psms,default,AC,1
S11,0.05,psms,default,AC,0
S05,0.001,peptides,default,AC,5
S03,0.01,psms,default,AC,8
F06,0.05,peptides,default,AC,1
S08,0.01,peptides,default,AC,0
S05,0.05,peptides,default,AC,2
S11,0.001,peptides,default,AC,0
S08,0.001,psms,default,AC,0
F01,0.01,psms,default,AC,9
F07,0.01,psms,default,AC,6
F06,0.001,peptides,default,AC,1
F07,0.001,peptides,default,AC,0
F01,0.05,peptides,default,AC,3
S08,0.01,psms,default,AC,0
S03,0.05,peptides,default,AC,0
F06,0.05,psms,default,AC,5
F01,0.001,psms,default,AC,4
S11,0.01,peptides,default,AC,0
S05,0.001,psms,default,AC,52
F07,0.05,psms,default,AC,8
S03,0.01,peptides,default,AC,2
S05,0.01,peptides,default,AC,1
F06,0.01,psms,default,AC,5
S08,0.001,peptides,default,AC,0
F07,0.05,peptides,default,AC,1
S07,0.05,psms,default,AC,1
S05,0.05,psms,default,AC,8
S11,0.05,peptides,default,AC,0
S07,0.001,psms,default,AC,3
S11,0.001,psms,default,AC,0
F06,0.01,peptides,default,AC,1
S05,0.01,psms,default,AC,9
S03,0.001,psms,final,AC,12
S03,0.05,psms,final,AC,9
S03,0.001,peptides,final,AC,2
F07,0.01,peptides,final,AC,1
F06,0.001,psms,final,AC,3
F01,0.05,psms,final,AC,9
S07,0.001,peptides,final,AC,1
F07,0.001,psms,final,AC,1
S11,0.01,psms,final,AC,0
S07,0.01,peptides,final,AC,0
S08,0.05,psms,final,AC,0
S07,0.05,peptides,final,AC,0
F01,0.01,peptides,final,AC,0
S08,0.05,peptides,final,AC,0
F01,0.001,peptides,final,AC,0
S07,0.01,psms,final,AC,0
S11,0.05,psms,final,AC,0
S05,0.001,peptides,final,AC,4
S03,0.01,psms,final,AC,10
F06,0.05,peptides,final,AC,1
S08,0.01,peptides,final,AC,0
S05,0.05,peptides,final,AC,2
S11,0.001,peptides,final,AC,0
S08,0.001,psms,final,AC,0
F01,0.01,psms,final,AC,6
F07,0.01,psms,final,AC,3
F06,0.001,peptides,final,AC,1
F07,0.001,peptides,final,AC,0
F01,0.05,peptides,final,AC,0
S08,0.01,psms,final,AC,0
S03,0.05,peptides,final,AC,0
F06,0.05,psms,final,AC,4
F01,0.001,psms,final,AC,3
S11,0.01,peptides,final,AC,0
S05,0.001,psms,final,AC,50
F07,0.05,psms,final,AC,3
S03,0.01,peptides,final,AC,3
S05,0.01,peptides,final,AC,0
F06,0.01,psms,final,AC,3
S08,0.001,peptides,final,AC,0
F07,0.05,peptides,final,AC,1
S07,0.05,psms,final,AC,0
S05,0.05,psms,final,AC,8
S11,0.05,peptides,final,AC,0
S07,0.001,psms,final,AC,1
S11,0.001,psms,final,AC,0
F06,0.01,peptides,final,AC,1
S05,0.01,psms,final,AC,7
S03,0.001,psms,default,AD,6
S03,0.05,psms,default,AD,3
S03,0.001,peptides,default,AD,0
F07,0.01,peptides,default,AD,3
F06,0.001,psms,default,AD,3
F01,0.05,psms,default,AD,9
S07,0.001,peptides,default,AD,0
F07,0.001,psms,default,AD,9
S11,0.01,psms,default,AD,2
S07,0.01,peptides,default,AD,0
S08,0.05,psms,default,AD,2
S07,0.05,peptides,default,AD,1
F01,0.01,peptides,default,AD,3
S08,0.05,peptides,default,AD,0
F01,0.001,peptides,default,AD,1
S07,0.01,psms,default,AD,0
S11,0.05,psms,default,AD,2
S05,0.001,peptides,default,AD,5
S03,0.01,psms,default,AD,6
F06,0.05,peptides,default,AD,0
S08,0.01,peptides,default,AD,0
S05,0.05,peptides,default,AD,2
S11,0.001,peptides,default,AD,0
S08,0.001,psms,default,AD,0
F01,0.01,psms,default,AD,5
F07,0.01,psms,default,AD,16
F06,0.001,peptides,default,AD,0
F07,0.001,peptides,default,AD,3
F01,0.05,peptides,default,AD,3
S08,0.01,psms,default,AD,1
S03,0.05,peptides,default,AD,1
F06,0.05,psms,default,AD,3
F01,0.001,psms,default,AD,4
S11,0.01,peptides,default,AD,0
S05,0.001,psms,default,AD,13
F07,0.05,psms,default,AD,19
S03,0.01,peptides,default,AD,4
S05,0.01,peptides,default,AD,3
F06,0.01,psms,default,AD,3
S08,0.001,peptides,default,AD,0
F07,0.05,peptides,default,AD,4
S07,0.05,psms,default,AD,2
S05,0.05,psms,default,AD,7
S11,0.05,peptides,default,AD,0
S07,0.001,psms,default,AD,1
S11,0.001,psms,default,AD,0
F06,0.01,peptides,default,AD,0
S05,0.01,psms,default,AD,8
S03,0.001,psms,final,AD,6
S03,0.05,psms,final,AD,4
S03,0.001,peptides,final,AD,1
F07,0.01,peptides,final,AD,3
F06,0.001,psms,final,AD,4
F01,0.05,psms,final,AD,5
S07,0.001,peptides,final,AD,0
F07,0.001,psms,final,AD,8
S11,0.01,psms,final,AD,1
S07,0.01,peptides,final,AD,0
S08,0.05,psms,final,AD,0
S07,0.05,peptides,final,AD,0
F01,0.01,peptides,final,AD,3
S08,0.05,peptides,final,AD,0
F01,0.001,peptides,final,AD,1
S07,0.01,psms,final,AD,0
S11,0.05,psms,final,AD,1
S05,0.001,peptides,final,AD,4
S03,0.01,psms,final,AD,7
F06,0.05,peptides,final,AD,1
S08,0.01,peptides,final,AD,0
S05,0.05,peptides,final,AD,2
S11,0.001,peptides,final,AD,0
S08,0.001,psms,final,AD,0
F01,0.01,psms,final,AD,3
F07,0.01,psms,final,AD,12
F06,0.001,peptides,final,AD,2
F07,0.001,peptides,final,AD,3
F01,0.05,peptides,final,AD,3
S08,0.01,psms,final,AD,0
S03,0.05,peptides,final,AD,1
F06,0.05,psms,final,AD,7
F01,0.001,psms,final,AD,2
S11,0.01,peptides,final,AD,1
S05,0.001,psms,final,AD,10
F07,0.05,psms,final,AD,13
S03,0.01,peptides,final,AD,5
S05,0.01,peptides,final,AD,4
F06,0.01,psms,final,AD,6
S08,0.001,peptides,final,AD,0
F07,0.05,peptides,final,AD,3
S07,0.05,psms,final,AD,0
S05,0.05,psms,final,AD,4
S11,0.05,peptides,final,AD,1
S07,0.001,psms,final,AD,1
S11,0.001,psms,final,AD,0
F06,0.01,peptides,final,AD,1
S05,0.01,psms,final,AD,7
S03,0.001,psms,default,BC,1
S03,0.05,psms,default,BC,0
S03,0.001,peptides,default,BC,4
F07,0.01,peptides,default,BC,8
F06,0.001,psms,default,BC,8
F01,0.05,psms,default,BC,30
S07,0.001,peptides,default,BC,0
F07,0.001,psms,default,BC,14
S11,0.01,psms,default,BC,38
S07,0.01,peptides,default,BC,6
S08,0.05,psms,default,BC,21
S07,0.05,peptides,default,BC,2
F01,0.01,peptides,default,BC,3
S08,0.05,peptides,default,BC,3
F01,0.001,peptides,default,BC,0
S07,0.01,psms,default,BC,5
S11,0.05,psms,default,BC,47
S05,0.001,peptides,default,BC,6
S03,0.01,psms,default,BC,0
F06,0.05,peptides,default,BC,9
S08,0.01,peptides,default,BC,2
S05,0.05,peptides,default,BC,13
S11,0.001,peptides,default,BC,8
S08,0.001,psms,default,BC,0
F01,0.01,psms,default,BC,17
F07,0.01,psms,default,BC,29
F06,0.001,peptides,default,BC,8
F07,0.001,peptides,default,BC,5
F01,0.05,peptides,default,BC,5
S08,0.01,psms,default,BC,13
S03,0.05,peptides,default,BC,4
F06,0.05,psms,default,BC,16
F01,0.001,psms,default,BC,10
S11,0.01,peptides,default,BC,6
S05,0.001,psms,default,BC,0
F07,0.05,psms,default,BC,28
S03,0.01,peptides,default,BC,4
S05,0.01,peptides,default,BC,4
F06,0.01,psms,default,BC,10
S08,0.001,peptides,default,BC,0
F07,0.05,peptides,default,BC,7
S07,0.05,psms,default,BC,4
S05,0.05,psms,default,BC,2
S11,0.05,peptides,default,BC,14
S07,0.001,psms,default,BC,0
S11,0.001,psms,default,BC,19
F06,0.01,peptides,default,BC,7
S05,0.01,psms,default,BC,1
S03,0.001,psms,final,BC,1
S03,0.05,psms,final,BC,1
S03,0.001,peptides,final,BC,3
F07,0.01,peptides,final,BC,10
F06,0.001,psms,final,BC,6
F01,0.05,psms,final,BC,26
S07,0.001,peptides,final,BC,0
F07,0.001,psms,final,BC,16
S11,0.01,psms,final,BC,28
S07,0.01,peptides,final,BC,4
S08,0.05,psms,final,BC,16
S07,0.05,peptides,final,BC,0
F01,0.01,peptides,final,BC,7
S08,0.05,peptides,final,BC,3
F01,0.001,peptides,final,BC,0
S07,0.01,psms,final,BC,3
S11,0.05,psms,final,BC,38
S05,0.001,peptides,final,BC,8
S03,0.01,psms,final,BC,0
F06,0.05,peptides,final,BC,6
S08,0.01,peptides,final,BC,0
S05,0.05,peptides,final,BC,13
S11,0.001,peptides,final,BC,5
S08,0.001,psms,final,BC,0
F01,0.01,psms,final,BC,13
F07,0.01,psms,final,BC,21
F06,0.001,peptides,final,BC,2
F07,0.001,peptides,final,BC,6
F01,0.05,peptides,final,BC,6
S08,0.01,psms,final,BC,9
S03,0.05,peptides,final,BC,4
F06,0.05,psms,final,BC,20
F01,0.001,psms,final,BC,8
S11,0.01,peptides,final,BC,3
S05,0.001,psms,final,BC,0
F07,0.05,psms,final,BC,25
S03,0.01,peptides,final,BC,3
S05,0.01,peptides,final,BC,4
F06,0.01,psms,final,BC,11
S08,0.001,peptides,final,BC,0
F07,0.05,peptides,final,BC,11
S07,0.05,psms,final,BC,1
S05,0.05,psms,final,BC,0
S11,0.05,peptides,final,BC,11
S07,0.001,psms,final,BC,0
S11,0.001,psms,final,BC,16
F06,0.01,peptides,final,BC,4
S05,0.01,psms,final,BC,0
S03,0.001,psms,default,BD,12560
S03,0.05,psms,default,BD,30212
S03,0.001,peptides,default,BD,784
F07,0.01,peptides,default,BD,2676
F06,0.001,psms,default,BD,5179
F01,0.05,psms,default,BD,22507
S07,0.001,peptides,default,BD,1615
F07,0.001,psms,default,BD,8756
S11,0.01,psms,default,BD,31400
S07,0.01,peptides,default,BD,2694
S08,0.05,psms,default,BD,11420
S07,0.05,peptides,default,BD,3919
F01,0.01,peptides,default,BD,1660
S08,0.05,peptides,default,BD,2666
F01,0.001,peptides,default,BD,616
S07,0.01,psms,default,BD,6270
S11,0.05,psms,default,BD,42174
S05,0.001,peptides,default,BD,848
S03,0.01,psms,default,BD,20949
F06,0.05,peptides,default,BD,3814
S08,0.01,peptides,default,BD,1387
S05,0.05,peptides,default,BD,2706
S11,0.001,peptides,default,BD,4203
S08,0.001,psms,default,BD,1450
F01,0.01,psms,default,BD,13275
F07,0.01,psms,default,BD,13803
F06,0.001,peptides,default,BD,1785
F07,0.001,peptides,default,BD,1735
F01,0.05,peptides,default,BD,3085
S08,0.01,psms,default,BD,6779
S03,0.05,peptides,default,BD,2204
F06,0.05,psms,default,BD,11088
F01,0.001,psms,default,BD,5269
S11,0.01,peptides,default,BD,5889
S05,0.001,psms,default,BD,20776
F07,0.05,psms,default,BD,19221
S03,0.01,peptides,default,BD,1355
S05,0.01,peptides,default,BD,1706
F06,0.01,psms,default,BD,7708
S08,0.001,peptides,default,BD,170
F07,0.05,peptides,default,BD,3717
S07,0.05,psms,default,BD,8985
S05,0.05,psms,default,BD,52749
S11,0.05,peptides,default,BD,7870
S07,0.001,psms,default,BD,3704
S11,0.001,psms,default,BD,21580
F06,0.01,peptides,default,BD,2665
S05,0.01,psms,default,BD,36913
S03,0.001,psms,final,BD,12589
S03,0.05,psms,final,BD,30205
S03,0.001,peptides,final,BD,786
F07,0.01,peptides,final,BD,2669
F06,0.001,psms,final,BD,5178
F01,0.05,psms,final,BD,22526
S07,0.001,peptides,final,BD,1618
F07,0.001,psms,final,BD,8753
S11,0.01,psms,final,BD,31381
S07,0.01,peptides,final,BD,2696
S08,0.05,psms,final,BD,11402
S07,0.05,peptides,final,BD,3915
F01,0.01,peptides,final,BD,1663
S08,0.05,peptides,final,BD,2665
F01,0.001,peptides,final,BD,618
S07,0.01,psms,final,BD,6278
S11,0.05,psms,final,BD,42098
S05,0.001,peptides,final,BD,845
S03,0.01,psms,final,BD,20938
F06,0.05,peptides,final,BD,3816
S08,0.01,peptides,final,BD,1386
S05,0.05,peptides,final,BD,2703
S11,0.001,peptides,final,BD,4203
S08,0.001,psms,final,BD,1453
F01,0.01,psms,final,BD,13283
F07,0.01,psms,final,BD,13786
F06,0.001,peptides,final,BD,1790
F07,0.001,peptides,final,BD,1726
F01,0.05,peptides,final,BD,3081
S08,0.01,psms,final,BD,6769
S03,0.05,peptides,final,BD,2197
F06,0.05,psms,final,BD,11083
F01,0.001,psms,final,BD,5268
S11,0.01,peptides,final,BD,5882
S05,0.001,psms,final,BD,20726
F07,0.05,psms,final,BD,19192
S03,0.01,peptides,final,BD,1356
S05,0.01,peptides,final,BD,1708
F06,0.01,psms,final,BD,7704
S08,0.001,peptides,final,BD,172
F07,0.05,peptides,final,BD,3707
S07,0.05,psms,final,BD,8970
S05,0.05,psms,final,BD,52762
S11,0.05,peptides,final,BD,7861
S07,0.001,psms,final,BD,3707
S11,0.001,psms,final,BD,21570
F06,0.01,peptides,final,BD,2670
S05,0.01,psms,final,BD,36898
S03,0.001,psms,default,CD,21017
S03,0.05,psms,default,CD,13828
S03,0.001,peptides,default,CD,6406
F07,0.01,peptides,default,CD,8358
F06,0.001,psms,default,CD,11288
F01,0.05,psms,default,CD,17922
S07,0.001,peptides,default,CD,3289
F07,0.001,psms,default,CD,24219
S11,0.01,psms,default,CD,19536
S07,0.01,peptides,default,CD,2792
S08,0.05,psms,default,CD,8557
S07,0.05,peptides,default,CD,1766
F01,0.01,peptides,default,CD,8269
S08,0.05,peptides,default,CD,3675
F01,0.001,peptides,default,CD,9663
S07,0.01,psms,default,CD,3933
S11,0.05,psms,default,CD,12957
S05,0.001,peptides,default,CD,8046
S03,0.01,psms,default,CD,18397
F06,0.05,peptides,default,CD,5671
S08,0.01,peptides,default,CD,5162
S05,0.05,peptides,default,CD,5548
S11,0.001,peptides,default,CD,8233
S08,0.001,psms,default,CD,23544
F01,0.01,psms,default,CD,23572
F07,0.01,psms,default,CD,22860
F06,0.001,peptides,default,CD,6040
F07,0.001,peptides,default,CD,8516
F01,0.05,peptides,default,CD,6625
S08,0.01,psms,default,CD,12412
S03,0.05,peptides,default,CD,4049
F06,0.05,psms,default,CD,9680
F01,0.001,psms,default,CD,28535
S11,0.01,peptides,default,CD,7281
S05,0.001,psms,default,CD,31992
F07,0.05,psms,default,CD,19679
S03,0.01,peptides,default,CD,5483
S05,0.01,peptides,default,CD,6730
F06,0.01,psms,default,CD,11469
S08,0.001,peptides,default,CD,9308
F07,0.05,peptides,default,CD,7622
S07,0.05,psms,default,CD,2507
S05,0.05,psms,default,CD,22225
S11,0.05,peptides,default,CD,4865
S07,0.001,psms,default,CD,4793
S11,0.001,psms,default,CD,23485
F06,0.01,peptides,default,CD,6402
S05,0.01,psms,default,CD,27662
S03,0.001,psms,final,CD,21708
S03,0.05,psms,final,CD,14042
S03,0.001,peptides,final,CD,6604
F07,0.01,peptides,final,CD,8358
F06,0.001,psms,final,CD,11386
F01,0.05,psms,final,CD,18044
S07,0.001,peptides,final,CD,3311
F07,0.001,psms,final,CD,24233
S11,0.01,psms,final,CD,19683
S07,0.01,peptides,final,CD,2834
S08,0.05,psms,final,CD,8608
S07,0.05,peptides,final,CD,1820
F01,0.01,peptides,final,CD,8271
S08,0.05,peptides,final,CD,3695
F01,0.001,peptides,final,CD,9661
S07,0.01,psms,final,CD,3993
S11,0.05,psms,final,CD,13153
S05,0.001,peptides,final,CD,7957
S03,0.01,psms,final,CD,18598
F06,0.05,peptides,final,CD,5698
S08,0.01,peptides,final,CD,5177
S05,0.05,peptides,final,CD,5653
S11,0.001,peptides,final,CD,8252
S08,0.001,psms,final,CD,23703
F01,0.01,psms,final,CD,23639
F07,0.01,psms,final,CD,22925
F06,0.001,peptides,final,CD,6089
F07,0.001,peptides,final,CD,8525
F01,0.05,peptides,final,CD,6678
S08,0.01,psms,final,CD,12446
S03,0.05,peptides,final,CD,4085
F06,0.05,psms,final,CD,9728
F01,0.001,psms,final,CD,28570
S11,0.01,peptides,final,CD,7320
S05,0.001,psms,final,CD,31637
F07,0.05,psms,final,CD,19751
S03,0.01,peptides,final,CD,5525
S05,0.01,peptides,final,CD,6725
F06,0.01,psms,final,CD,11486
S08,0.001,peptides,final,CD,9374
F07,0.05,peptides,final,CD,7621
S07,0.05,psms,final,CD,2582
S05,0.05,psms,final,CD,22611
S11,0.05,peptides,final,CD,4910
S07,0.001,psms,final,CD,4815
S11,0.001,psms,final,CD,23533
F06,0.01,peptides,final,CD,6431
S05,0.01,psms,final,CD,27766
S03,0.001,psms,default,ABC,148
S03,0.05,psms,default,ABC,129
S03,0.001,peptides,default,ABC,44
F07,0.01,peptides,default,ABC,26
F06,0.001,psms,default,ABC,40
F01,0.05,psms,default,ABC,206
S07,0.001,peptides,default,ABC,25
F07,0.001,psms,default,ABC,60
S11,0.01,psms,default,ABC,155
S07,0.01,peptides,default,ABC,28
S08,0.05,psms,default,ABC,192
S07,0.05,peptides,default,ABC,26
F01,0.01,peptides,default,ABC,25
S08,0.05,peptides,default,ABC,51
F01,0.001,peptides,default,ABC,22
S07,0.01,psms,default,ABC,40
S11,0.05,psms,default,ABC,240
S05,0.001,peptides,default,ABC,34
S03,0.01,psms,default,ABC,97
F06,0.05,peptides,default,ABC,18
S08,0.01,peptides,default,ABC,51
S05,0.05,peptides,default,ABC,54
S11,0.001,peptides,default,ABC,20
S08,0.001,psms,default,ABC,32
F01,0.01,psms,default,ABC,170
F07,0.01,psms,default,ABC,95
F06,0.001,peptides,default,ABC,11
F07,0.001,peptides,default,ABC,13
F01,0.05,peptides,default,ABC,34
S08,0.01,psms,default,ABC,156
S03,0.05,peptides,default,ABC,31
F06,0.05,psms,default,ABC,63
F01,0.001,psms,default,ABC,112
S11,0.01,peptides,default,ABC,32
S05,0.001,psms,default,ABC,186
F07,0.05,psms,default,ABC,114
S03,0.01,peptides,default,ABC,23
S05,0.01,peptides,default,ABC,40
F06,0.01,psms,default,ABC,47
S08,0.001,peptides,default,ABC,9
F07,0.05,peptides,default,ABC,21
S07,0.05,psms,default,ABC,45
S05,0.05,psms,default,ABC,297
S11,0.05,peptides,default,ABC,43
S07,0.001,psms,default,ABC,37
S11,0.001,psms,default,ABC,61
F06,0.01,peptides,default,ABC,18
S05,0.01,psms,default,ABC,241
S03,0.001,psms,final,ABC,146
S03,0.05,psms,final,ABC,141
S03,0.001,peptides,final,ABC,36
F07,0.01,peptides,final,ABC,27
F06,0.001,psms,final,ABC,55
F01,0.05,psms,final,ABC,156
S07,0.001,peptides,final,ABC,14
F07,0.001,psms,final,ABC,52
S11,0.01,psms,final,ABC,149
S07,0.01,peptides,final,ABC,16
S08,0.05,psms,final,ABC,188
S07,0.05,peptides,final,ABC,23
F01,0.01,peptides,final,ABC,16
S08,0.05,peptides,final,ABC,52
F01,0.001,peptides,final,ABC,20
S07,0.01,psms,final,ABC,28
S11,0.05,psms,final,ABC,218
S05,0.001,peptides,final,ABC,32
S03,0.01,psms,final,ABC,116
F06,0.05,peptides,final,ABC,20
S08,0.01,peptides,final,ABC,57
S05,0.05,peptides,final,ABC,55
S11,0.001,peptides,final,ABC,20
S08,0.001,psms,final,ABC,34
F01,0.01,psms,final,ABC,129
F07,0.01,psms,final,ABC,88
F06,0.001,peptides,final,ABC,11
F07,0.001,peptides,final,ABC,13
F01,0.05,peptides,final,ABC,24
S08,0.01,psms,final,ABC,164
S03,0.05,peptides,final,ABC,34
F06,0.05,psms,final,ABC,74
F01,0.001,psms,final,ABC,91
S11,0.01,peptides,final,ABC,34
S05,0.001,psms,final,ABC,194
F07,0.05,psms,final,ABC,101
S03,0.01,peptides,final,ABC,23
S05,0.01,peptides,final,ABC,39
F06,0.01,psms,final,ABC,62
S08,0.001,peptides,final,ABC,6
F07,0.05,peptides,final,ABC,22
S07,0.05,psms,final,ABC,38
S05,0.05,psms,final,ABC,291
S11,0.05,peptides,final,ABC,44
S07,0.001,psms,final,ABC,24
S11,0.001,psms,final,ABC,54
F06,0.01,peptides,final,ABC,17
S05,0.01,psms,final,ABC,232
S03,0.001,psms,default,ABD,54
S03,0.05,psms,default,ABD,116
S03,0.001,peptides,default,ABD,17
F07,0.01,peptides,default,ABD,31
F06,0.001,psms,default,ABD,43
F01,0.05,psms,default,ABD,119
S07,0.001,peptides,default,ABD,27
F07,0.001,psms,default,ABD,71
S11,0.01,psms,default,ABD,63
S07,0.01,peptides,default,ABD,6
S08,0.05,psms,default,ABD,51
S07,0.05,peptides,default,ABD,9
F01,0.01,peptides,default,ABD,40
S08,0.05,peptides,default,ABD,37
F01,0.001,peptides,default,ABD,16
S07,0.01,psms,default,ABD,8
S11,0.05,psms,default,ABD,63
S05,0.001,peptides,default,ABD,40
S03,0.01,psms,default,ABD,82
F06,0.05,peptides,default,ABD,36
S08,0.01,peptides,default,ABD,23
S05,0.05,peptides,default,ABD,108
S11,0.001,peptides,default,ABD,38
S08,0.001,psms,default,ABD,15
F01,0.01,psms,default,ABD,87
F07,0.01,psms,default,ABD,92
F06,0.001,peptides,default,ABD,14
F07,0.001,peptides,default,ABD,17
F01,0.05,peptides,default,ABD,73
S08,0.01,psms,default,ABD,56
S03,0.05,peptides,default,ABD,84
F06,0.05,psms,default,ABD,67
F01,0.001,psms,default,ABD,47
S11,0.01,peptides,default,ABD,38
S05,0.001,psms,default,ABD,75
F07,0.05,psms,default,ABD,109
S03,0.01,peptides,default,ABD,56
S05,0.01,peptides,default,ABD,67
F06,0.01,psms,default,ABD,58
S08,0.001,peptides,default,ABD,7
F07,0.05,peptides,default,ABD,47
S07,0.05,psms,default,ABD,11
S05,0.05,psms,default,ABD,146
S11,0.05,peptides,default,ABD,47
S07,0.001,psms,default,ABD,28
S11,0.001,psms,default,ABD,103
F06,0.01,peptides,default,ABD,29
S05,0.01,psms,default,ABD,112
S03,0.001,psms,final,ABD,50
S03,0.05,psms,final,ABD,112
S03,0.001,peptides,final,ABD,20
F07,0.01,peptides,final,ABD,30
F06,0.001,psms,final,ABD,42
F01,0.05,psms,final,ABD,115
S07,0.001,peptides,final,ABD,29
F07,0.001,psms,final,ABD,76
S11,0.01,psms,final,ABD,69
S07,0.01,peptides,final,ABD,12
S08,0.05,psms,final,ABD,52
S07,0.05,peptides,final,ABD,12
F01,0.01,peptides,final,ABD,39
S08,0.05,peptides,final,ABD,36
F01,0.001,peptides,final,ABD,12
S07,0.01,psms,final,ABD,12
S11,0.05,psms,final,ABD,75
S05,0.001,peptides,final,ABD,34
S03,0.01,psms,final,ABD,78
F06,0.05,peptides,final,ABD,45
S08,0.01,peptides,final,ABD,22
S05,0.05,peptides,final,ABD,114
S11,0.001,peptides,final,ABD,36
S08,0.001,psms,final,ABD,14
F01,0.01,psms,final,ABD,77
F07,0.01,psms,final,ABD,94
F06,0.001,peptides,final,ABD,16
F07,0.001,peptides,final,ABD,17
F01,0.05,peptides,final,ABD,74
S08,0.01,psms,final,ABD,53
S03,0.05,peptides,final,ABD,83
F06,0.05,psms,final,ABD,75
F01,0.001,psms,final,ABD,43
S11,0.01,peptides,final,ABD,38
S05,0.001,psms,final,ABD,64
F07,0.05,psms,final,ABD,115
S03,0.01,peptides,final,ABD,53
S05,0.01,peptides,final,ABD,57
F06,0.01,psms,final,ABD,55
S08,0.001,peptides,final,ABD,7
F07,0.05,peptides,final,ABD,49
S07,0.05,psms,final,ABD,15
S05,0.05,psms,final,ABD,148
S11,0.05,peptides,final,ABD,48
S07,0.001,psms,final,ABD,28
S11,0.001,psms,final,ABD,108
F06,0.01,peptides,final,ABD,27
S05,0.01,psms,final,ABD,111
S03,0.001,psms,default,ACD,736
S03,0.05,psms,default,ACD,288
S03,0.001,peptides,default,ACD,212
F07,0.01,peptides,default,ACD,3
F06,0.001,psms,default,ACD,5
F01,0.05,psms,default,ACD,26
S07,0.001,peptides,default,ACD,129
F07,0.001,psms,default,ACD,22
S11,0.01,psms,default,ACD,1
S07,0.01,peptides,default,ACD,2
S08,0.05,psms,default,ACD,4
S07,0.05,peptides,default,ACD,4
F01,0.01,peptides,default,ACD,4
S08,0.05,peptides,default,ACD,1
F01,0.001,peptides,default,ACD,3
S07,0.01,psms,default,ACD,2
S11,0.05,psms,default,ACD,7
S05,0.001,peptides,default,ACD,637
S03,0.01,psms,default,ACD,614
F06,0.05,peptides,default,ACD,7
S08,0.01,peptides,default,ACD,1
S05,0.05,peptides,default,ACD,111
S11,0.001,peptides,default,ACD,0
S08,0.001,psms,default,ACD,0
F01,0.01,psms,default,ACD,17
F07,0.01,psms,default,ACD,35
F06,0.001,peptides,default,ACD,5
F07,0.001,peptides,default,ACD,4
F01,0.05,peptides,default,ACD,6
S08,0.01,psms,default,ACD,0
S03,0.05,peptides,default,ACD,78
F06,0.05,psms,default,ACD,13
F01,0.001,psms,default,ACD,8
S11,0.01,peptides,default,ACD,2
S05,0.001,psms,default,ACD,2882
F07,0.05,psms,default,ACD,53
S03,0.01,peptides,default,ACD,159
S05,0.01,peptides,default,ACD,198
F06,0.01,psms,default,ACD,6
S08,0.001,peptides,default,ACD,0
F07,0.05,peptides,default,ACD,7
S07,0.05,psms,default,ACD,5
S05,0.05,psms,default,ACD,586
S11,0.05,peptides,default,ACD,3
S07,0.001,psms,default,ACD,189
S11,0.001,psms,default,ACD,0
F06,0.01,peptides,default,ACD,5
S05,0.01,psms,default,ACD,813
S03,0.001,psms,final,ACD,740
S03,0.05,psms,final,ACD,277
S03,0.001,peptides,final,ACD,213
F07,0.01,peptides,final,ACD,6
F06,0.001,psms,final,ACD,6
F01,0.05,psms,final,ACD,27
S07,0.001,peptides,final,ACD,129
F07,0.001,psms,final,ACD,20
S11,0.01,psms,final,ACD,1
S07,0.01,peptides,final,ACD,0
S08,0.05,psms,final,ACD,5
S07,0.05,peptides,final,ACD,0
F01,0.01,peptides,final,ACD,4
S08,0.05,peptides,final,ACD,1
F01,0.001,peptides,final,ACD,3
S07,0.01,psms,final,ACD,0
S11,0.05,psms,final,ACD,6
S05,0.001,peptides,final,ACD,638
S03,0.01,psms,final,ACD,612
F06,0.05,peptides,final,ACD,12
S08,0.01,peptides,final,ACD,0
S05,0.05,peptides,final,ACD,106
S11,0.001,peptides,final,ACD,0
S08,0.001,psms,final,ACD,0
F01,0.01,psms,final,ACD,16
F07,0.01,psms,final,ACD,37
F06,0.001,peptides,final,ACD,4
F07,0.001,peptides,final,ACD,4
F01,0.05,peptides,final,ACD,5
S08,0.01,psms,final,ACD,2
S03,0.05,peptides,final,ACD,72
F06,0.05,psms,final,ACD,21
F01,0.001,psms,final,ACD,9
S11,0.01,peptides,final,ACD,0
S05,0.001,psms,final,ACD,2885
F07,0.05,psms,final,ACD,55
S03,0.01,peptides,final,ACD,156
S05,0.01,peptides,final,ACD,197
F06,0.01,psms,final,ACD,8
S08,0.001,peptides,final,ACD,0
F07,0.05,peptides,final,ACD,12
S07,0.05,psms,final,ACD,0
S05,0.05,psms,final,ACD,566
S11,0.05,peptides,final,ACD,2
S07,0.001,psms,final,ACD,190
S11,0.001,psms,final,ACD,0
F06,0.01,peptides,final,ACD,5
S05,0.01,psms,final,ACD,814
S03,0.001,psms,default,BCD,2
S03,0.05,psms,default,BCD,7
S03,0.001,peptides,default,BCD,607
F07,0.01,peptides,default,BCD,803
F06,0.001,psms,default,BCD,259
F01,0.05,psms,default,BCD,1580
S07,0.001,peptides,default,BCD,136
F07,0.001,psms,default,BCD,491
S11,0.01,psms,default,BCD,1643
S07,0.01,peptides,default,BCD,397
S08,0.05,psms,default,BCD,513
S07,0.05,peptides,default,BCD,248
F01,0.01,peptides,default,BCD,1064
S08,0.05,peptides,default,BCD,431
F01,0.001,peptides,default,BCD,388
S07,0.01,psms,default,BCD,332
S11,0.05,psms,default,BCD,1964
S05,0.001,peptides,default,BCD,813
S03,0.01,psms,default,BCD,5
F06,0.05,peptides,default,BCD,694
S08,0.01,peptides,default,BCD,380
S05,0.05,peptides,default,BCD,1234
S11,0.001,peptides,default,BCD,1104
S08,0.001,psms,default,BCD,0
F01,0.01,psms,default,BCD,2137
F07,0.01,psms,default,BCD,1344
F06,0.001,peptides,default,BCD,292
F07,0.001,peptides,default,BCD,461
F01,0.05,peptides,default,BCD,1066
S08,0.01,psms,default,BCD,465
S03,0.05,peptides,default,BCD,730
F06,0.05,psms,default,BCD,797
F01,0.001,psms,default,BCD,538
S11,0.01,peptides,default,BCD,902
S05,0.001,psms,default,BCD,0
F07,0.05,psms,default,BCD,1534
S03,0.01,peptides,default,BCD,713
S05,0.01,peptides,default,BCD,1175
F06,0.01,psms,default,BCD,833
S08,0.001,peptides,default,BCD,89
F07,0.05,peptides,default,BCD,914
S07,0.05,psms,default,BCD,165
S05,0.05,psms,default,BCD,5
S11,0.05,peptides,default,BCD,1112
S07,0.001,psms,default,BCD,0
S11,0.001,psms,default,BCD,2129
F06,0.01,peptides,default,BCD,651
S05,0.01,psms,default,BCD,1
S03,0.001,psms,final,BCD,1
S03,0.05,psms,final,BCD,6
S03,0.001,peptides,final,BCD,609
F07,0.01,peptides,final,BCD,800
F06,0.001,psms,final,BCD,266
F01,0.05,psms,final,BCD,1599
S07,0.001,peptides,final,BCD,135
F07,0.001,psms,final,BCD,480
S11,0.01,psms,final,BCD,1655
S07,0.01,peptides,final,BCD,397
S08,0.05,psms,final,BCD,512
S07,0.05,peptides,final,BCD,244
F01,0.01,peptides,final,BCD,1064
S08,0.05,peptides,final,BCD,431
F01,0.001,peptides,final,BCD,390
S07,0.01,psms,final,BCD,333
S11,0.05,psms,final,BCD,1972
S05,0.001,peptides,final,BCD,811
S03,0.01,psms,final,BCD,4
F06,0.05,peptides,final,BCD,696
S08,0.01,peptides,final,BCD,382
S05,0.05,peptides,final,BCD,1236
S11,0.001,peptides,final,BCD,1107
S08,0.001,psms,final,BCD,0
F01,0.01,psms,final,BCD,2146
F07,0.01,psms,final,BCD,1343
F06,0.001,peptides,final,BCD,298
F07,0.001,peptides,final,BCD,460
F01,0.05,peptides,final,BCD,1071
S08,0.01,psms,final,BCD,471
S03,0.05,peptides,final,BCD,730
F06,0.05,psms,final,BCD,801
F01,0.001,psms,final,BCD,541
S11,0.01,peptides,final,BCD,906
S05,0.001,psms,final,BCD,0
F07,0.05,psms,final,BCD,1527
S03,0.01,peptides,final,BCD,714
S05,0.01,peptides,final,BCD,1174
F06,0.01,psms,final,BCD,833
S08,0.001,peptides,final,BCD,89
F07,0.05,peptides,final,BCD,912
S07,0.05,psms,final,BCD,160
S05,0.05,psms,final,BCD,3
S11,0.05,peptides,final,BCD,1115
S07,0.001,psms,final,BCD,0
S11,0.001,psms,final,BCD,2132
F06,0.01,peptides,final,BCD,649
S05,0.01,psms,final,BCD,2
S03,0.001,psms,default,ABCD,45831
S03,0.05,psms,default,ABCD,69619
S03,0.001,peptides,default,ABCD,14796
F07,0.01,peptides,default,ABCD,13220
F06,0.001,psms,default,ABCD,14004
F01,0.05,psms,default,ABCD,46296
S07,0.001,peptides,default,ABCD,8397
F07,0.001,psms,default,ABCD,25247
S11,0.01,psms,default,ABCD,66432
S07,0.01,peptides,default,ABCD,10666
S08,0.05,psms,default,ABCD,45335
S07,0.05,peptides,default,ABCD,12499
F01,0.01,peptides,default,ABCD,11790
S08,0.05,peptides,default,ABCD,17781
F01,0.001,peptides,default,ABCD,7185
S07,0.01,psms,default,ABCD,14710
S11,0.05,psms,default,ABCD,77865
S05,0.001,peptides,default,ABCD,15805
S03,0.01,psms,default,ABCD,59611
F06,0.05,peptides,default,ABCD,12605
S08,0.01,peptides,default,ABCD,14609
S05,0.05,peptides,default,ABCD,25660
S11,0.001,peptides,default,ABCD,18790
S08,0.001,psms,default,ABCD,19382
F01,0.01,psms,default,ABCD,34128
F07,0.01,psms,default,ABCD,35309
F06,0.001,peptides,default,ABCD,7682
F07,0.001,peptides,default,ABCD,9630
F01,0.05,peptides,default,ABCD,15932
S08,0.01,psms,default,ABCD,37798
S03,0.05,peptides,default,ABCD,23027
F06,0.05,psms,default,ABCD,23104
F01,0.001,psms,default,ABCD,20162
S11,0.01,peptides,default,ABCD,24621
S05,0.001,psms,default,ABCD,58964
F07,0.05,psms,default,ABCD,44415
S03,0.01,peptides,default,ABCD,19566
S05,0.01,peptides,default,ABCD,21488
F06,0.01,psms,default,ABCD,18202
S08,0.001,peptides,default,ABCD,7375
F07,0.05,peptides,default,ABCD,16523
S07,0.05,psms,default,ABCD,17158
S05,0.05,psms,default,ABCD,93915
S11,0.05,peptides,default,ABCD,28831
S07,0.001,psms,default,ABCD,11604
S11,0.001,psms,default,ABCD,50282
F06,0.01,peptides,default,ABCD,9931
S05,0.01,psms,default,ABCD,79561
S03,0.001,psms,final,ABCD,45834
S03,0.05,psms,final,ABCD,69618
S03,0.001,peptides,final,ABCD,14804
F07,0.01,peptides,final,ABCD,13215
F06,0.001,psms,final,ABCD,13990
F01,0.05,psms,final,ABCD,46347
S07,0.001,peptides,final,ABCD,8409
F07,0.001,psms,final,ABCD,25261
S11,0.01,psms,final,ABCD,66438
S07,0.01,peptides,final,ABCD,10680
S08,0.05,psms,final,ABCD,45338
S07,0.05,peptides,final,ABCD,12506
F01,0.01,peptides,final,ABCD,11802
S08,0.05,peptides,final,ABCD,17780
F01,0.001,peptides,final,ABCD,7188
S07,0.01,psms,final,ABCD,14725
S11,0.05,psms,final,ABCD,77888
S05,0.001,peptides,final,ABCD,15807
S03,0.01,psms,final,ABCD,59592
F06,0.05,peptides,final,ABCD,12598
S08,0.01,peptides,final,ABCD,14604
S05,0.05,peptides,final,ABCD,25664
S11,0.001,peptides,final,ABCD,18790
S08,0.001,psms,final,ABCD,19380
F01,0.01,psms,final,ABCD,34173
F07,0.01,psms,final,ABCD,35317
F06,0.001,peptides,final,ABCD,7683
F07,0.001,peptides,final,ABCD,9630
F01,0.05,peptides,final,ABCD,15946
S08,0.01,psms,final,ABCD,37788
S03,0.05,peptides,final,ABCD,23030
F06,0.05,psms,final,ABCD,23086
F01,0.001,psms,final,ABCD,20183
S11,0.01,peptides,final,ABCD,24621
S05,0.001,psms,final,ABCD,58955
F07,0.05,psms,final,ABCD,44431
S03,0.01,peptides,final,ABCD,19568
S05,0.01,peptides,final,ABCD,21491
F06,0.01,psms,final,ABCD,18187
S08,0.001,peptides,final,ABCD,7378
F07,0.05,peptides,final,ABCD,16517
S07,0.05,psms,final,ABCD,17171
S05,0.05,psms,final,ABCD,93941
S11,0.05,peptides,final,ABCD,28831
S07,0.001,psms,final,ABCD,11618
S11,0.001,psms,final,ABCD,50289
F06,0.01,peptides,final,ABCD,9932
S05,0.01,psms,final,ABCD,79571
